{
"id": 15048140494000069566929,
"file": "../../ALL_tsp/rd100.tsp",
"type": "OpenMP",
"size": 2,
"run": [
{
	"rank": 0,
	"solTime": 22.102051,
	"parallelTime": 21.327393,
	"serialTime": 0.736816,
	"swapTime": 0.483154,
	"criticalTime": 0.107422
},
{
	"rank": 1,
	"solTime": 0.000000,
	"parallelTime": 20.886719,
	"serialTime": 1.150391,
	"swapTime": 0.011963,
	"criticalTime": 0.087891
}
]
}
