{
"id": 15048140394000050544006,
"file": "../../ALL_tsp/rd100.tsp",
"type": "OpenMP",
"size": 1,
"run": [
{
	"rank": 0,
	"solTime": 42.395020,
	"parallelTime": 41.802002,
	"serialTime": 0.516602,
	"swapTime": 0.424561,
	"criticalTime": 0.031250
}
]
}
