{
"id": 15048140495000069760358,
"file": "../../ALL_tsp/rd100.tsp",
"type": "OpenMP",
"size": 2,
"run": [
{
	"rank": 0,
	"solTime": 23.840820,
	"parallelTime": 22.823730,
	"serialTime": 0.804932,
	"swapTime": 0.463135,
	"criticalTime": 0.127197
},
{
	"rank": 1,
	"solTime": 0.000000,
	"parallelTime": 22.795898,
	"serialTime": 0.000000,
	"swapTime": 0.000000,
	"criticalTime": 0.167725
}
]
}
