{
"id": 15048140594000067824823,
"file": "../../ALL_tsp/rd100.tsp",
"type": "OpenMP",
"size": 2,
"run": [
{
	"rank": 0,
	"solTime": 22.718018,
	"parallelTime": 21.729736,
	"serialTime": 0.776855,
	"swapTime": 0.447510,
	"criticalTime": 0.132324
},
{
	"rank": 1,
	"solTime": 0.000000,
	"parallelTime": 21.690918,
	"serialTime": 0.000000,
	"swapTime": 0.000000,
	"criticalTime": 0.121582
}
]
}
