{
"id": 15048140305000036135491,
"file": "../../ALL_tsp/rd100.tsp",
"type": "OpenMP",
"size": 2,
"run": [
{
	"rank": 0,
	"solTime": 22.740967,
	"parallelTime": 21.772461,
	"serialTime": 0.769287,
	"swapTime": 0.453857,
	"criticalTime": 0.118896
},
{
	"rank": 1,
	"solTime": 0.000000,
	"parallelTime": 21.742188,
	"serialTime": 0.000000,
	"swapTime": 0.000000,
	"criticalTime": 0.152832
}
]
}
