{
"id": 15048140556000046963955,
"file": "../../ALL_tsp/rd100.tsp",
"type": "OpenMP",
"size": 2,
"run": [
{
	"rank": 0,
	"solTime": 30.150146,
	"parallelTime": 29.405762,
	"serialTime": 0.584473,
	"swapTime": 0.437988,
	"criticalTime": 0.055908
},
{
	"rank": 1,
	"solTime": 0.000000,
	"parallelTime": 10.373535,
	"serialTime": 0.000000,
	"swapTime": 0.000000,
	"criticalTime": 0.109863
}
]
}
