{
"id": 15045307346000011745960,
"file": "../../ALL_tsp/rd100.tsp",
"type": "OpenMP",
"size": 2,
"run": [
{
	"rank": 0,
	"solTime": 31.603027,
	"parallelTime": 30.810791,
	"serialTime": 0.609131,
	"swapTime": 0.452881,
	"criticalTime": 0.054688
},
{
	"rank": 1,
	"solTime": 0.000000,
	"parallelTime": 10.642822,
	"serialTime": 0.000000,
	"swapTime": 0.000000,
	"criticalTime": 0.100342
}
]
}
