{
"id": 150453071006630177,
"file": "../../ALL_tsp/att48.tsp",
"type": "OpenMP",
"size": 1,
"run": [
{
	"rank": 0,
	"solTime": 4.249023,
	"parallelTime": 4.077393,
	"serialTime": 0.137451,
	"swapTime": 0.092529,
	"criticalTime": 0.029053
}
]
}
