{
"id": 15048140515000011429940,
"file": "../../ALL_tsp/rd100.tsp",
"type": "OpenMP",
"size": 2,
"run": [
{
	"rank": 0,
	"solTime": 22.469971,
	"parallelTime": 21.525635,
	"serialTime": 0.747559,
	"swapTime": 0.438965,
	"criticalTime": 0.121338
},
{
	"rank": 1,
	"solTime": 0.000000,
	"parallelTime": 21.498779,
	"serialTime": 0.000000,
	"swapTime": 0.000000,
	"criticalTime": 0.147949
}
]
}
