{
"id": 15045307254000030678272,
"file": "../../ALL_tsp/rd100.tsp",
"type": "OpenMP",
"size": 2,
"run": [
{
	"rank": 0,
	"solTime": 22.354980,
	"parallelTime": 21.412354,
	"serialTime": 0.728271,
	"swapTime": 0.433838,
	"criticalTime": 0.118408
},
{
	"rank": 1,
	"solTime": 0.000000,
	"parallelTime": 21.372803,
	"serialTime": 0.000000,
	"swapTime": 0.000000,
	"criticalTime": 0.145508
}
]
}
