{
"id": 1504530705100009226963,
"file": "../../ALL_tsp/att48.tsp",
"type": "OpenMP",
"size": 4,
"run": [
{
	"rank": 0,
	"solTime": 1.399902,
	"parallelTime": 1.078857,
	"serialTime": 0.289062,
	"swapTime": 0.107422,
	"criticalTime": 0.040039
},
{
	"rank": 1,
	"solTime": 0.000000,
	"parallelTime": 1.019043,
	"serialTime": 0.345947,
	"swapTime": 0.015869,
	"criticalTime": 0.061768
},
{
	"rank": 2,
	"solTime": 0.000000,
	"parallelTime": 0.983643,
	"serialTime": 0.380127,
	"swapTime": 0.002930,
	"criticalTime": 0.075928
},
{
	"rank": 3,
	"solTime": 0.000000,
	"parallelTime": 0.959961,
	"serialTime": 0.404785,
	"swapTime": 0.006836,
	"criticalTime": 0.054932
}
]
}
