{
"id": 15045311932006000020779230,
"file": "../../ALL_tsp/pr1002.tsp",
"type": "OpenMP",
"size": 2,
"run": [
{
	"rank": 0,
	"solTime": 10027.763916,
	"parallelTime": 9978.993408,
	"serialTime": 48.646729,
	"swapTime": 19.710205,
	"criticalTime": 4.157227
},
{
	"rank": 1,
	"solTime": 0.000000,
	"parallelTime": 9998.681885,
	"serialTime": 28.855225,
	"swapTime": 0.116211,
	"criticalTime": 1.455078
}
]
}
