{
"id": 15045314801995000056295970,
"file": "../../ALL_tsp/pr1002.tsp",
"type": "OpenMP",
"size": 4,
"run": [
{
	"rank": 0,
	"solTime": 4986.655029,
	"parallelTime": 4962.113770,
	"serialTime": 24.408203,
	"swapTime": 19.365234,
	"criticalTime": 0.321533
},
{
	"rank": 1,
	"solTime": 0.000000,
	"parallelTime": 4937.375732,
	"serialTime": 49.037109,
	"swapTime": 0.178223,
	"criticalTime": 1.120850
},
{
	"rank": 2,
	"solTime": 0.000000,
	"parallelTime": 4939.113525,
	"serialTime": 47.315430,
	"swapTime": 0.118652,
	"criticalTime": 1.419434
},
{
	"rank": 3,
	"solTime": 0.000000,
	"parallelTime": 4934.663086,
	"serialTime": 51.855957,
	"swapTime": 0.057617,
	"criticalTime": 5.747314
}
]
}
