{
"id": 15045307081000033636313,
"file": "../../ALL_tsp/att48.tsp",
"type": "OpenMP",
"size": 2,
"run": [
{
	"rank": 0,
	"solTime": 3.506104,
	"parallelTime": 3.233154,
	"serialTime": 0.194092,
	"swapTime": 0.126709,
	"criticalTime": 0.031006
},
{
	"rank": 1,
	"solTime": 0.000000,
	"parallelTime": 1.143311,
	"serialTime": 0.000000,
	"swapTime": 0.000000,
	"criticalTime": 0.069824
}
]
}
