{
"id": 1504530718016152110,
"file": "../../ALL_tsp/att48.tsp",
"type": "OpenMP",
"size": 1,
"run": [
{
	"rank": 0,
	"solTime": 1.882812,
	"parallelTime": 1.809814,
	"serialTime": 0.060791,
	"swapTime": 0.043457,
	"criticalTime": 0.008301
}
]
}
