{
"id": 15048140344000079520890,
"file": "../../ALL_tsp/rd100.tsp",
"type": "OpenMP",
"size": 2,
"run": [
{
	"rank": 0,
	"solTime": 22.911865,
	"parallelTime": 22.144043,
	"serialTime": 0.734863,
	"swapTime": 0.500000,
	"criticalTime": 0.092041
},
{
	"rank": 1,
	"solTime": 0.000000,
	"parallelTime": 21.650146,
	"serialTime": 1.199463,
	"swapTime": 0.019775,
	"criticalTime": 0.092041
}
]
}
