{
"id": 15045314931987000017709400,
"file": "../../ALL_tsp/pr1002.tsp",
"type": "OpenMP",
"size": 4,
"run": [
{
	"rank": 0,
	"solTime": 4968.601807,
	"parallelTime": 4942.981689,
	"serialTime": 23.445557,
	"swapTime": 19.485840,
	"criticalTime": 1.754395
},
{
	"rank": 1,
	"solTime": 0.000000,
	"parallelTime": 4942.841309,
	"serialTime": 0.000000,
	"swapTime": 0.000000,
	"criticalTime": 2.340820
},
{
	"rank": 2,
	"solTime": 0.000000,
	"parallelTime": 4943.218506,
	"serialTime": 0.000000,
	"swapTime": 0.000000,
	"criticalTime": 1.832275
},
{
	"rank": 3,
	"solTime": 0.000000,
	"parallelTime": 4943.120850,
	"serialTime": 0.000000,
	"swapTime": 0.000000,
	"criticalTime": 1.642090
}
]
}
