{
"id": 15048140475000027903244,
"file": "../../ALL_tsp/rd100.tsp",
"type": "OpenMP",
"size": 2,
"run": [
{
	"rank": 0,
	"solTime": 22.226807,
	"parallelTime": 21.472168,
	"serialTime": 0.715576,
	"swapTime": 0.465088,
	"criticalTime": 0.083984
},
{
	"rank": 1,
	"solTime": 0.000000,
	"parallelTime": 21.048340,
	"serialTime": 1.107666,
	"swapTime": 0.028809,
	"criticalTime": 0.092041
}
]
}
