{
"id": 15045307254000030165811,
"file": "../../ALL_tsp/rd100.tsp",
"type": "OpenMP",
"size": 1,
"run": [
{
	"rank": 0,
	"solTime": 39.625000,
	"parallelTime": 39.045166,
	"serialTime": 0.495605,
	"swapTime": 0.401123,
	"criticalTime": 0.038330
}
]
}
