{
"id": 15045307120789646,
"file": "../../ALL_tsp/att48.tsp",
"type": "OpenMP",
"size": 2,
"run": [
{
	"rank": 0,
	"solTime": 2.592041,
	"parallelTime": 2.237305,
	"serialTime": 0.262451,
	"swapTime": 0.103516,
	"criticalTime": 0.079102
},
{
	"rank": 1,
	"solTime": 0.000000,
	"parallelTime": 2.226562,
	"serialTime": 0.000000,
	"swapTime": 0.000000,
	"criticalTime": 0.071045
}
]
}
