{
"id": 15045318512955000055355206,
"file": "../../ALL_tsp/pr1002.tsp",
"type": "OpenMP",
"size": 2,
"run": [
{
	"rank": 0,
	"solTime": 14767.071045,
	"parallelTime": 14741.594482,
	"serialTime": 22.961914,
	"swapTime": 19.092529,
	"criticalTime": 3.360596
},
{
	"rank": 1,
	"solTime": 0.000000,
	"parallelTime": 5008.602295,
	"serialTime": 0.000000,
	"swapTime": 0.000000,
	"criticalTime": 5.615479
}
]
}
