{
"id": 15045309502924000056663815,
"file": "../../ALL_tsp/pr1002.tsp",
"type": "OpenMP",
"size": 2,
"run": [
{
	"rank": 0,
	"solTime": 14613.700195,
	"parallelTime": 14588.277588,
	"serialTime": 24.355713,
	"swapTime": 18.582520,
	"criticalTime": 5.195801
},
{
	"rank": 1,
	"solTime": 0.000000,
	"parallelTime": 4947.738525,
	"serialTime": 0.000000,
	"swapTime": 0.000000,
	"criticalTime": 8.395020
}
]
}
