{
"id": 15045307256000030589704,
"file": "../../ALL_tsp/rd100.tsp",
"type": "OpenMP",
"size": 2,
"run": [
{
	"rank": 0,
	"solTime": 29.802002,
	"parallelTime": 29.055176,
	"serialTime": 0.579834,
	"swapTime": 0.432861,
	"criticalTime": 0.055420
},
{
	"rank": 1,
	"solTime": 0.000000,
	"parallelTime": 10.090820,
	"serialTime": 0.000000,
	"swapTime": 0.000000,
	"criticalTime": 0.093994
}
]
}
