{
"id": 15045310942025000033817555,
"file": "../../ALL_tsp/pr1002.tsp",
"type": "OpenMP",
"size": 4,
"run": [
{
	"rank": 0,
	"solTime": 5058.856934,
	"parallelTime": 5034.343506,
	"serialTime": 24.389648,
	"swapTime": 19.933594,
	"criticalTime": 0.271729
},
{
	"rank": 1,
	"solTime": 0.000000,
	"parallelTime": 4923.915283,
	"serialTime": 134.733154,
	"swapTime": 0.196289,
	"criticalTime": 1.235596
},
{
	"rank": 2,
	"solTime": 0.000000,
	"parallelTime": 4918.808105,
	"serialTime": 139.825928,
	"swapTime": 0.160156,
	"criticalTime": 2.453857
},
{
	"rank": 3,
	"solTime": 0.000000,
	"parallelTime": 5006.718994,
	"serialTime": 52.007568,
	"swapTime": 0.045654,
	"criticalTime": 3.163574
}
]
}
