{
"id": 1504530706020475243,
"file": "../../ALL_tsp/att48.tsp",
"type": "OpenMP",
"size": 1,
"run": [
{
	"rank": 0,
	"solTime": 3.910889,
	"parallelTime": 3.750000,
	"serialTime": 0.119385,
	"swapTime": 0.082520,
	"criticalTime": 0.018799
}
]
}
