{
"id": 15045307367000067552450,
"file": "../../ALL_tsp/rd100.tsp",
"type": "OpenMP",
"size": 2,
"run": [
{
	"rank": 0,
	"solTime": 37.159912,
	"parallelTime": 36.230469,
	"serialTime": 0.725830,
	"swapTime": 0.535400,
	"criticalTime": 0.071533
},
{
	"rank": 1,
	"solTime": 0.000000,
	"parallelTime": 12.679199,
	"serialTime": 0.000000,
	"swapTime": 0.000000,
	"criticalTime": 0.110107
}
]
}
