{
"id": 15045307181000016384695,
"file": "../../ALL_tsp/att48.tsp",
"type": "OpenMP",
"size": 2,
"run": [
{
	"rank": 0,
	"solTime": 3.216064,
	"parallelTime": 2.979492,
	"serialTime": 0.165039,
	"swapTime": 0.103760,
	"criticalTime": 0.020264
},
{
	"rank": 1,
	"solTime": 0.000000,
	"parallelTime": 1.067383,
	"serialTime": 0.000000,
	"swapTime": 0.000000,
	"criticalTime": 0.052246
}
]
}
