{
"id": 1504531337291300005948633,
"file": "../../ALL_tsp/pr1002.tsp",
"type": "OpenMP",
"size": 2,
"run": [
{
	"rank": 0,
	"solTime": 14559.447998,
	"parallelTime": 14535.165771,
	"serialTime": 21.806641,
	"swapTime": 18.293701,
	"criticalTime": 2.927734
},
{
	"rank": 1,
	"solTime": 0.000000,
	"parallelTime": 4952.412598,
	"serialTime": 0.000000,
	"swapTime": 0.000000,
	"criticalTime": 4.909668
}
]
}
