{
"id": 1504532118239000015913661,
"file": "../../ALL_tsp/pcb442.tsp",
"type": "OpenMP",
"size": 2,
"run": [
{
	"rank": 0,
	"solTime": 1194.595947,
	"parallelTime": 1187.646240,
	"serialTime": 5.751221,
	"swapTime": 3.885986,
	"criticalTime": 1.664307
},
{
	"rank": 1,
	"solTime": 0.000000,
	"parallelTime": 402.188721,
	"serialTime": 0.000000,
	"swapTime": 0.000000,
	"criticalTime": 1.214111
}
]
}
