{
"id": 15045315781977000093742953,
"file": "../../ALL_tsp/pr1002.tsp",
"type": "OpenMP",
"size": 2,
"run": [
{
	"rank": 0,
	"solTime": 9882.404785,
	"parallelTime": 9815.498291,
	"serialTime": 66.796143,
	"swapTime": 18.873779,
	"criticalTime": 6.726318
},
{
	"rank": 1,
	"solTime": 0.000000,
	"parallelTime": 9857.353271,
	"serialTime": 24.817871,
	"swapTime": 0.095215,
	"criticalTime": 2.190674
}
]
}
