{
"id": 1504531964196000001853269,
"file": "../../ALL_tsp/pr1002.tsp",
"type": "OpenMP",
"size": 2,
"run": [
{
	"rank": 0,
	"solTime": 9796.187012,
	"parallelTime": 9755.677490,
	"serialTime": 40.410889,
	"swapTime": 18.683350,
	"criticalTime": 2.873291
},
{
	"rank": 1,
	"solTime": 0.000000,
	"parallelTime": 9767.912354,
	"serialTime": 28.077393,
	"swapTime": 0.131836,
	"criticalTime": 0.935791
}
]
}
