{
"id": 15045307255000030756928,
"file": "../../ALL_tsp/rd100.tsp",
"type": "OpenMP",
"size": 4,
"run": [
{
	"rank": 0,
	"solTime": 10.913086,
	"parallelTime": 10.077148,
	"serialTime": 0.806152,
	"swapTime": 0.429688,
	"criticalTime": 0.118652
},
{
	"rank": 1,
	"solTime": 0.000000,
	"parallelTime": 9.914062,
	"serialTime": 0.944580,
	"swapTime": 0.028076,
	"criticalTime": 0.112793
},
{
	"rank": 2,
	"solTime": 0.000000,
	"parallelTime": 9.696777,
	"serialTime": 1.181641,
	"swapTime": 0.013184,
	"criticalTime": 0.108887
},
{
	"rank": 3,
	"solTime": 0.000000,
	"parallelTime": 9.525391,
	"serialTime": 1.347900,
	"swapTime": 0.017090,
	"criticalTime": 0.104980
}
]
}
