{
"id": 1504532069182000085917856,
"file": "../../ALL_tsp/pcb442.tsp",
"type": "OpenMP",
"size": 2,
"run": [
{
	"rank": 0,
	"solTime": 908.441895,
	"parallelTime": 899.911865,
	"serialTime": 7.985840,
	"swapTime": 5.403320,
	"criticalTime": 1.752686
},
{
	"rank": 1,
	"solTime": 0.000000,
	"parallelTime": 899.863037,
	"serialTime": 0.000000,
	"swapTime": 0.000000,
	"criticalTime": 1.784424
}
]
}
