{
"id": 1504530722600001549337,
"file": "../../ALL_tsp/rd100.tsp",
"type": "OpenMP",
"size": 2,
"run": [
{
	"rank": 0,
	"solTime": 30.677002,
	"parallelTime": 29.946533,
	"serialTime": 0.573486,
	"swapTime": 0.430908,
	"criticalTime": 0.051758
},
{
	"rank": 1,
	"solTime": 0.000000,
	"parallelTime": 10.234375,
	"serialTime": 0.000000,
	"swapTime": 0.000000,
	"criticalTime": 0.110596
}
]
}
