{
"id": 15045309601999000051728019,
"file": "../../ALL_tsp/pr1002.tsp",
"type": "OpenMP",
"size": 2,
"run": [
{
	"rank": 0,
	"solTime": 9994.136963,
	"parallelTime": 9963.388184,
	"serialTime": 28.741943,
	"swapTime": 21.386475,
	"criticalTime": 4.067871
},
{
	"rank": 1,
	"solTime": 0.000000,
	"parallelTime": 9963.195557,
	"serialTime": 0.000000,
	"swapTime": 0.000000,
	"criticalTime": 4.618896
}
]
}
