{
"id": 15045318611962000021227851,
"file": "../../ALL_tsp/pr1002.tsp",
"type": "OpenMP",
"size": 2,
"run": [
{
	"rank": 0,
	"solTime": 9809.798096,
	"parallelTime": 9781.925537,
	"serialTime": 26.252197,
	"swapTime": 19.350342,
	"criticalTime": 4.530273
},
{
	"rank": 1,
	"solTime": 0.000000,
	"parallelTime": 9781.692139,
	"serialTime": 0.000000,
	"swapTime": 0.000000,
	"criticalTime": 5.540039
}
]
}
