{
"id": 15048140317000078608924,
"file": "../../ALL_tsp/rd100.tsp",
"type": "OpenMP",
"size": 2,
"run": [
{
	"rank": 0,
	"solTime": 33.794922,
	"parallelTime": 32.950195,
	"serialTime": 0.658691,
	"swapTime": 0.500732,
	"criticalTime": 0.062744
},
{
	"rank": 1,
	"solTime": 0.000000,
	"parallelTime": 11.255859,
	"serialTime": 0.000000,
	"swapTime": 0.000000,
	"criticalTime": 0.103760
}
]
}
