{
"id": 1504530715066219642,
"file": "../../ALL_tsp/att48.tsp",
"type": "OpenMP",
"size": 1,
"run": [
{
	"rank": 0,
	"solTime": 3.035156,
	"parallelTime": 2.904541,
	"serialTime": 0.105713,
	"swapTime": 0.068604,
	"criticalTime": 0.016846
}
]
}
