{
"id": 15045307141000074266576,
"file": "../../ALL_tsp/att48.tsp",
"type": "OpenMP",
"size": 4,
"run": [
{
	"rank": 0,
	"solTime": 2.171875,
	"parallelTime": 1.857666,
	"serialTime": 0.195557,
	"swapTime": 0.115723,
	"criticalTime": 0.043213
},
{
	"rank": 1,
	"solTime": 0.000000,
	"parallelTime": 1.327637,
	"serialTime": 0.000000,
	"swapTime": 0.000000,
	"criticalTime": 0.061768
},
{
	"rank": 2,
	"solTime": 0.000000,
	"parallelTime": 0.748047,
	"serialTime": 0.000000,
	"swapTime": 0.000000,
	"criticalTime": 0.083008
},
{
	"rank": 3,
	"solTime": 0.000000,
	"parallelTime": 0.297363,
	"serialTime": 0.000000,
	"swapTime": 0.000000,
	"criticalTime": 0.056152
}
]
}
