{
"id": 15045307181000016470970,
"file": "../../ALL_tsp/att48.tsp",
"type": "OpenMP",
"size": 2,
"run": [
{
	"rank": 0,
	"solTime": 2.719971,
	"parallelTime": 2.376465,
	"serialTime": 0.252197,
	"swapTime": 0.103516,
	"criticalTime": 0.064209
},
{
	"rank": 1,
	"solTime": 0.000000,
	"parallelTime": 2.351074,
	"serialTime": 0.000000,
	"swapTime": 0.000000,
	"criticalTime": 0.081055
}
]
}
