{
"id": 1504531465293900000216680,
"file": "../../ALL_tsp/pr1002.tsp",
"type": "OpenMP",
"size": 2,
"run": [
{
	"rank": 0,
	"solTime": 14694.111816,
	"parallelTime": 14669.637207,
	"serialTime": 22.031006,
	"swapTime": 18.943848,
	"criticalTime": 2.479492
},
{
	"rank": 1,
	"solTime": 0.000000,
	"parallelTime": 4915.721924,
	"serialTime": 0.000000,
	"swapTime": 0.000000,
	"criticalTime": 3.055420
}
]
}
