{
"id": 15045307224000015140496,
"file": "../../ALL_tsp/rd100.tsp",
"type": "OpenMP",
"size": 2,
"run": [
{
	"rank": 0,
	"solTime": 22.470215,
	"parallelTime": 21.542725,
	"serialTime": 0.734863,
	"swapTime": 0.431396,
	"criticalTime": 0.112793
},
{
	"rank": 1,
	"solTime": 0.000000,
	"parallelTime": 21.516113,
	"serialTime": 0.000000,
	"swapTime": 0.000000,
	"criticalTime": 0.131836
}
]
}
