{
"id": 15043898025000089923831,
"file": "../../ALL_tsp/rd100.tsp",
"type": "OpenMP",
"size": 2,
"run": [
{
	"rank": 0,
	"solTime": 22.520996,
	"parallelTime": 21.682373,
	"serialTime": 0.790527,
	"swapTime": 0.524658,
	"criticalTime": 0.103760
},
{
	"rank": 1,
	"solTime": 0.000000,
	"parallelTime": 21.309326,
	"serialTime": 1.141602,
	"swapTime": 0.024658,
	"criticalTime": 0.096191
}
]
}
