{
"id": 1504389771500003791541,
"file": "../../ALL_tsp/att48.tsp",
"type": "MPI",
"size": 4,
"run": [
{
	"rank": 0,
	"solTime": 1.996094,
	"parallelTime": 1.093262,
	"serialTime": 0.872314,
	"swapTime": 0.094238,
	"criticalTime": 0.000000
},
{
	"rank": 1,
	"solTime": 1.994873,
	"parallelTime": 1.052734,
	"serialTime": 0.914307,
	"swapTime": 0.096924,
	"criticalTime": 0.000000
},
{
	"rank": 2,
	"solTime": 2.006104,
	"parallelTime": 0.996338,
	"serialTime": 0.966064,
	"swapTime": 0.102783,
	"criticalTime": 0.000000
},
{
	"rank": 3,
	"solTime": 2.010010,
	"parallelTime": 0.968506,
	"serialTime": 1.015381,
	"swapTime": 0.092529,
	"criticalTime": 0.000000
}
]
}
