{
"id": 150439006050900000610252,
"file": "../../ALL_tsp/pr1002.tsp",
"type": "MPI",
"size": 4,
"run": [
{
	"rank": 0,
	"solTime": 5032.957031,
	"parallelTime": 4986.415039,
	"serialTime": 46.159668,
	"swapTime": 18.225342,
	"criticalTime": 0.000000
},
{
	"rank": 1,
	"solTime": 5032.941895,
	"parallelTime": 4973.113037,
	"serialTime": 59.553711,
	"swapTime": 18.145752,
	"criticalTime": 0.000000
},
{
	"rank": 2,
	"solTime": 5032.947998,
	"parallelTime": 4974.499268,
	"serialTime": 58.180664,
	"swapTime": 18.116211,
	"criticalTime": 0.000000
},
{
	"rank": 3,
	"solTime": 5032.950928,
	"parallelTime": 4955.962646,
	"serialTime": 76.735352,
	"swapTime": 18.151123,
	"criticalTime": 0.000000
}
]
}
