{
"id": 15048140445000042792817,
"file": "../../ALL_tsp/rd100.tsp",
"type": "OpenMP",
"size": 2,
"run": [
{
	"rank": 0,
	"solTime": 24.442871,
	"parallelTime": 23.395752,
	"serialTime": 0.825928,
	"swapTime": 0.489990,
	"criticalTime": 0.128906
},
{
	"rank": 1,
	"solTime": 0.000000,
	"parallelTime": 23.349609,
	"serialTime": 0.000000,
	"swapTime": 0.000000,
	"criticalTime": 0.147217
}
]
}
