{
"id": 15043897804000093919368,
"file": "../../ALL_tsp/att48.tsp",
"type": "MPI",
"size": 2,
"run": [
{
	"rank": 0,
	"solTime": 2.567871,
	"parallelTime": 2.000000,
	"serialTime": 0.546387,
	"swapTime": 0.090332,
	"criticalTime": 0.000000
},
{
	"rank": 1,
	"solTime": 2.571045,
	"parallelTime": 1.922852,
	"serialTime": 0.634277,
	"swapTime": 0.091797,
	"criticalTime": 0.000000
}
]
}
