{
"id": 15048140464000086246000,
"file": "../../ALL_tsp/rd100.tsp",
"type": "OpenMP",
"size": 2,
"run": [
{
	"rank": 0,
	"solTime": 20.616943,
	"parallelTime": 19.900146,
	"serialTime": 0.676758,
	"swapTime": 0.450195,
	"criticalTime": 0.091553
},
{
	"rank": 1,
	"solTime": 0.000000,
	"parallelTime": 19.458496,
	"serialTime": 1.093994,
	"swapTime": 0.015381,
	"criticalTime": 0.094971
}
]
}
