{
"id": 15043905771965000016936528,
"file": "../../ALL_tsp/pr1002.tsp",
"type": "MPI",
"size": 1,
"run": [
{
	"rank": 0,
	"solTime": 19618.463135,
	"parallelTime": 19599.385254,
	"serialTime": 18.656494,
	"swapTime": 17.868164,
	"criticalTime": 0.000000
}
]
}
