{
"id": 1504390135202200009631150,
"file": "../../ALL_tsp/pr1002.tsp",
"type": "OpenMP",
"size": 2,
"run": [
{
	"rank": 0,
	"solTime": 10106.045898,
	"parallelTime": 10027.125244,
	"serialTime": 78.812988,
	"swapTime": 19.374512,
	"criticalTime": 7.376709
},
{
	"rank": 1,
	"solTime": 0.000000,
	"parallelTime": 10078.821045,
	"serialTime": 26.988525,
	"swapTime": 0.179932,
	"criticalTime": 1.617432
}
]
}
