{
"id": 15043897865000050777759,
"file": "../../ALL_tsp/att48.tsp",
"type": "MPI",
"size": 1,
"run": [
{
	"rank": 0,
	"solTime": 4.260986,
	"parallelTime": 4.102295,
	"serialTime": 0.140625,
	"swapTime": 0.083252,
	"criticalTime": 0.000000
}
]
}
