{
"id": 15043897711000084451712,
"file": "../../ALL_tsp/att48.tsp",
"type": "OpenMP",
"size": 2,
"run": [
{
	"rank": 0,
	"solTime": 2.262939,
	"parallelTime": 1.984863,
	"serialTime": 0.246338,
	"swapTime": 0.112305,
	"criticalTime": 0.058105
},
{
	"rank": 1,
	"solTime": 0.000000,
	"parallelTime": 1.887695,
	"serialTime": 0.332275,
	"swapTime": 0.004883,
	"criticalTime": 0.062012
}
]
}
