{
"id": 15043898285000065941470,
"file": "../../ALL_tsp/rd100.tsp",
"type": "OpenMP",
"size": 2,
"run": [
{
	"rank": 0,
	"solTime": 22.876953,
	"parallelTime": 22.087891,
	"serialTime": 0.744141,
	"swapTime": 0.500244,
	"criticalTime": 0.090088
},
{
	"rank": 1,
	"solTime": 0.000000,
	"parallelTime": 21.626953,
	"serialTime": 1.178223,
	"swapTime": 0.028320,
	"criticalTime": 0.090332
}
]
}
