{
"id": 15043905371967000050301141,
"file": "../../ALL_tsp/pr1002.tsp",
"type": "OpenMP",
"size": 2,
"run": [
{
	"rank": 0,
	"solTime": 9830.980225,
	"parallelTime": 9693.677246,
	"serialTime": 137.194092,
	"swapTime": 18.663330,
	"criticalTime": 8.025391
},
{
	"rank": 1,
	"solTime": 0.000000,
	"parallelTime": 9805.434570,
	"serialTime": 25.331787,
	"swapTime": 0.111328,
	"criticalTime": 1.033691
}
]
}
