{
"id": 15043898287000016800058,
"file": "../../ALL_tsp/rd100.tsp",
"type": "MPI",
"size": 2,
"run": [
{
	"rank": 0,
	"solTime": 22.422119,
	"parallelTime": 20.955811,
	"serialTime": 1.388184,
	"swapTime": 0.431885,
	"criticalTime": 0.000000
},
{
	"rank": 1,
	"solTime": 22.431152,
	"parallelTime": 20.571533,
	"serialTime": 1.805664,
	"swapTime": 0.429932,
	"criticalTime": 0.000000
}
]
}
