{
"id": 15043898027000037786288,
"file": "../../ALL_tsp/rd100.tsp",
"type": "MPI",
"size": 2,
"run": [
{
	"rank": 0,
	"solTime": 22.110107,
	"parallelTime": 20.759277,
	"serialTime": 1.274902,
	"swapTime": 0.433838,
	"criticalTime": 0.000000
},
{
	"rank": 1,
	"solTime": 22.113037,
	"parallelTime": 20.395264,
	"serialTime": 1.670410,
	"swapTime": 0.415283,
	"criticalTime": 0.000000
}
]
}
