{
"id": 1504389832700001676008,
"file": "../../ALL_tsp/rd100.tsp",
"type": "MPI",
"size": 2,
"run": [
{
	"rank": 0,
	"solTime": 22.976074,
	"parallelTime": 21.524658,
	"serialTime": 1.378662,
	"swapTime": 0.422119,
	"criticalTime": 0.000000
},
{
	"rank": 1,
	"solTime": 22.989014,
	"parallelTime": 21.171143,
	"serialTime": 1.766357,
	"swapTime": 0.430664,
	"criticalTime": 0.000000
}
]
}
