{
"id": 150439004598000009843777,
"file": "../../ALL_tsp/pr1002.tsp",
"type": "MPI",
"size": 2,
"run": [
{
	"rank": 0,
	"solTime": 9753.180176,
	"parallelTime": 9716.523193,
	"serialTime": 36.376221,
	"swapTime": 17.567871,
	"criticalTime": 0.000000
},
{
	"rank": 1,
	"solTime": 9753.177002,
	"parallelTime": 9698.407715,
	"serialTime": 54.463623,
	"swapTime": 17.595703,
	"criticalTime": 0.000000
}
]
}
