{
"id": 15043898325000017218887,
"file": "../../ALL_tsp/rd100.tsp",
"type": "OpenMP",
"size": 2,
"run": [
{
	"rank": 0,
	"solTime": 22.368896,
	"parallelTime": 21.601318,
	"serialTime": 0.728027,
	"swapTime": 0.478516,
	"criticalTime": 0.088135
},
{
	"rank": 1,
	"solTime": 0.000000,
	"parallelTime": 21.138428,
	"serialTime": 1.162354,
	"swapTime": 0.023682,
	"criticalTime": 0.089600
}
]
}
