{
"id": 15043899742046000017928026,
"file": "../../ALL_tsp/pr1002.tsp",
"type": "OpenMP",
"size": 2,
"run": [
{
	"rank": 0,
	"solTime": 10225.541992,
	"parallelTime": 10185.048828,
	"serialTime": 40.371094,
	"swapTime": 19.596924,
	"criticalTime": 5.390137
},
{
	"rank": 1,
	"solTime": 0.000000,
	"parallelTime": 10177.753418,
	"serialTime": 47.544922,
	"swapTime": 0.124023,
	"criticalTime": 2.342529
}
]
}
