{
"id": 1504814054700004431453,
"file": "../../ALL_tsp/rd100.tsp",
"type": "OpenMP",
"size": 2,
"run": [
{
	"rank": 0,
	"solTime": 33.133789,
	"parallelTime": 32.313721,
	"serialTime": 0.656982,
	"swapTime": 0.498779,
	"criticalTime": 0.060547
},
{
	"rank": 1,
	"solTime": 0.000000,
	"parallelTime": 11.208252,
	"serialTime": 0.000000,
	"swapTime": 0.000000,
	"criticalTime": 0.083252
}
]
}
