{
"id": 1504389784040117663,
"file": "../../ALL_tsp/att48.tsp",
"type": "OpenMP",
"size": 2,
"run": [
{
	"rank": 0,
	"solTime": 2.047119,
	"parallelTime": 1.797852,
	"serialTime": 0.216797,
	"swapTime": 0.101318,
	"criticalTime": 0.058350
},
{
	"rank": 1,
	"solTime": 0.000000,
	"parallelTime": 1.705811,
	"serialTime": 0.299561,
	"swapTime": 0.015625,
	"criticalTime": 0.063232
}
]
}
