{
"id": 15043902861013000084364283,
"file": "../../ALL_tsp/pr1002.tsp",
"type": "MPI",
"size": 2,
"run": [
{
	"rank": 0,
	"solTime": 10071.677979,
	"parallelTime": 10020.987061,
	"serialTime": 50.333984,
	"swapTime": 18.326172,
	"criticalTime": 0.000000
},
{
	"rank": 1,
	"solTime": 10071.677002,
	"parallelTime": 9949.867920,
	"serialTime": 121.546875,
	"swapTime": 18.210938,
	"criticalTime": 0.000000
}
]
}
