{
"id": 1504814043500008696039,
"file": "../../ALL_tsp/rd100.tsp",
"type": "OpenMP",
"size": 2,
"run": [
{
	"rank": 0,
	"solTime": 24.683105,
	"parallelTime": 23.674316,
	"serialTime": 0.811523,
	"swapTime": 0.483643,
	"criticalTime": 0.120117
},
{
	"rank": 1,
	"solTime": 0.000000,
	"parallelTime": 23.595947,
	"serialTime": 0.000000,
	"swapTime": 0.000000,
	"criticalTime": 0.161133
}
]
}
