{
"id": 15043898931955000068969863,
"file": "../../ALL_tsp/pr1002.tsp",
"type": "OpenMP",
"size": 2,
"run": [
{
	"rank": 0,
	"solTime": 9769.669922,
	"parallelTime": 9712.247803,
	"serialTime": 57.319092,
	"swapTime": 18.786621,
	"criticalTime": 7.134521
},
{
	"rank": 1,
	"solTime": 0.000000,
	"parallelTime": 9744.855225,
	"serialTime": 24.593262,
	"swapTime": 0.217285,
	"criticalTime": 2.109375
}
]
}
